,PassengerId,Survived,Pclass,Name,Sex,Age,SibSp,Parch,Ticket,Fare,Cabin,Embarked,Title,Deck,Family_Size,Fare_Per_Person
0,1,0,3,,male,22.0,1,0,,7.25,Unknown,S,Mr,Unknown,1,3.625
1,2,1,1,,female,38.0,1,0,,71.2833,C85,C,Mrs,C,1,35.64165
2,3,1,3,,female,26.0,0,0,,7.925,Unknown,S,Miss,Unknown,0,7.925
3,4,1,1,,female,35.0,1,0,,53.1,C123,S,Mrs,C,1,26.55
4,5,0,3,,male,35.0,0,0,,8.05,Unknown,S,Mr,Unknown,0,8.05
5,6,0,3,,male,,0,0,,8.4583,Unknown,Q,Mr,Unknown,0,8.4583
6,7,0,1,,male,54.0,0,0,,51.8625,E46,S,Mr,E,0,51.8625
7,8,0,3,,male,2.0,3,1,,21.075,Unknown,S,Master,Unknown,4,4.215
8,9,1,3,,female,27.0,0,2,,11.1333,Unknown,S,Mrs,Unknown,2,3.7111
9,10,1,2,,female,14.0,1,0,,30.0708,Unknown,C,Mrs,Unknown,1,15.0354
10,11,1,3,,female,4.0,1,1,,16.7,G6,S,Miss,G,2,5.566666666666666
11,12,1,1,,female,58.0,0,0,,26.55,C103,S,Miss,C,0,26.55
12,13,0,3,,male,20.0,0,0,,8.05,Unknown,S,Mr,Unknown,0,8.05
13,14,0,3,,male,39.0,1,5,,31.275,Unknown,S,Mr,Unknown,6,4.4678571428571425
14,15,0,3,,female,14.0,0,0,,7.8542,Unknown,S,Miss,Unknown,0,7.8542
15,16,1,2,,female,55.0,0,0,,16.0,Unknown,S,Mrs,Unknown,0,16.0
16,17,0,3,,male,2.0,4,1,,29.125,Unknown,Q,Master,Unknown,5,4.854166666666667
17,18,1,2,,male,,0,0,,13.0,Unknown,S,Mr,Unknown,0,13.0
18,19,0,3,,female,31.0,1,0,,18.0,Unknown,S,Mrs,Unknown,1,9.0
19,20,1,3,,female,,0,0,,7.225,Unknown,C,Mrs,Unknown,0,7.225
20,21,0,2,,male,35.0,0,0,,26.0,Unknown,S,Mr,Unknown,0,26.0
21,22,1,2,,male,34.0,0,0,,13.0,D56,S,Mr,D,0,13.0
22,23,1,3,,female,15.0,0,0,,8.0292,Unknown,Q,Miss,Unknown,0,8.0292
23,24,1,1,,male,28.0,0,0,,35.5,A6,S,Mr,A,0,35.5
24,25,0,3,,female,8.0,3,1,,21.075,Unknown,S,Miss,Unknown,4,4.215
25,26,1,3,,female,38.0,1,5,,31.3875,Unknown,S,Mrs,Unknown,6,4.483928571428572
26,27,0,3,,male,,0,0,,7.225,Unknown,C,Mr,Unknown,0,7.225
27,28,0,1,,male,19.0,3,2,,263.0,C23 C25 C27,S,Mr,C,5,43.833333333333336
28,29,1,3,,female,,0,0,,7.8792,Unknown,Q,Miss,Unknown,0,7.8792
29,30,0,3,,male,,0,0,,7.8958,Unknown,S,Mr,Unknown,0,7.8958
30,31,0,1,,male,40.0,0,0,,27.7208,Unknown,C,Mr,Unknown,0,27.7208
31,32,1,1,,female,,1,0,,146.5208,B78,C,Mrs,B,1,73.2604
32,33,1,3,,female,,0,0,,7.75,Unknown,Q,Miss,Unknown,0,7.75
33,34,0,2,,male,66.0,0,0,,10.5,Unknown,S,Mr,Unknown,0,10.5
34,35,0,1,,male,28.0,1,0,,82.1708,Unknown,C,Mr,Unknown,1,41.0854
35,36,0,1,,male,42.0,1,0,,52.0,Unknown,S,Mr,Unknown,1,26.0
36,37,1,3,,male,,0,0,,7.2292,Unknown,C,Mr,Unknown,0,7.2292
37,38,0,3,,male,21.0,0,0,,8.05,Unknown,S,Mr,Unknown,0,8.05
38,39,0,3,,female,18.0,2,0,,18.0,Unknown,S,Miss,Unknown,2,6.0
39,40,1,3,,female,14.0,1,0,,11.2417,Unknown,C,Miss,Unknown,1,5.62085
40,41,0,3,,female,40.0,1,0,,9.475,Unknown,S,Mrs,Unknown,1,4.7375
41,42,0,2,,female,27.0,1,0,,21.0,Unknown,S,Mrs,Unknown,1,10.5
42,43,0,3,,male,,0,0,,7.8958,Unknown,C,Mr,Unknown,0,7.8958
43,44,1,2,,female,3.0,1,2,,41.5792,Unknown,C,Miss,Unknown,3,10.3948
44,45,1,3,,female,19.0,0,0,,7.8792,Unknown,Q,Miss,Unknown,0,7.8792
45,46,0,3,,male,,0,0,,8.05,Unknown,S,Mr,Unknown,0,8.05
46,47,0,3,,male,,1,0,,15.5,Unknown,Q,Mr,Unknown,1,7.75
47,48,1,3,,female,,0,0,,7.75,Unknown,Q,Miss,Unknown,0,7.75
48,49,0,3,,male,,2,0,,21.6792,Unknown,C,Mr,Unknown,2,7.226400000000001
49,50,0,3,,female,18.0,1,0,,17.8,Unknown,S,Mrs,Unknown,1,8.9
50,51,0,3,,male,7.0,4,1,,39.6875,Unknown,S,Master,Unknown,5,6.614583333333333
51,52,0,3,,male,21.0,0,0,,7.8,Unknown,S,Mr,Unknown,0,7.8
52,53,1,1,,female,49.0,1,0,,76.7292,D33,C,Mrs,D,1,38.3646
53,54,1,2,,female,29.0,1,0,,26.0,Unknown,S,Mrs,Unknown,1,13.0
54,55,0,1,,male,65.0,0,1,,61.9792,B30,C,Mr,B,1,30.9896
55,56,1,1,,male,,0,0,,35.5,C52,S,Mr,C,0,35.5
56,57,1,2,,female,21.0,0,0,,10.5,Unknown,S,Miss,Unknown,0,10.5
57,58,0,3,,male,28.5,0,0,,7.2292,Unknown,C,Mr,Unknown,0,7.2292
58,59,1,2,,female,5.0,1,2,,27.75,Unknown,S,Miss,Unknown,3,6.9375
59,60,0,3,,male,11.0,5,2,,46.9,Unknown,S,Master,Unknown,7,5.8625
60,61,0,3,,male,22.0,0,0,,7.2292,Unknown,C,Mr,Unknown,0,7.2292
61,63,0,1,,male,45.0,1,0,,83.475,C83,S,Mr,C,1,41.7375
62,64,0,3,,male,4.0,3,2,,27.9,Unknown,S,Master,Unknown,5,4.6499999999999995
63,65,0,1,,male,,0,0,,27.7208,Unknown,C,Mr,Unknown,0,27.7208
64,66,1,3,,male,,1,1,,15.2458,Unknown,C,Master,Unknown,2,5.081933333333333
65,67,1,2,,female,29.0,0,0,,10.5,F33,S,Mrs,F,0,10.5
66,68,0,3,,male,19.0,0,0,,8.1583,Unknown,S,Mr,Unknown,0,8.1583
67,69,1,3,,female,17.0,4,2,,7.925,Unknown,S,Miss,Unknown,6,1.1321428571428571
68,70,0,3,,male,26.0,2,0,,8.6625,Unknown,S,Mr,Unknown,2,2.8874999999999997
69,71,0,2,,male,32.0,0,0,,10.5,Unknown,S,Mr,Unknown,0,10.5
70,72,0,3,,female,16.0,5,2,,46.9,Unknown,S,Miss,Unknown,7,5.8625
71,73,0,2,,male,21.0,0,0,,73.5,Unknown,S,Mr,Unknown,0,73.5
72,74,0,3,,male,26.0,1,0,,14.4542,Unknown,C,Mr,Unknown,1,7.2271
73,75,1,3,,male,32.0,0,0,,56.4958,Unknown,S,Mr,Unknown,0,56.4958
74,76,0,3,,male,25.0,0,0,,7.65,F G73,S,Mr,F,0,7.65
75,77,0,3,,male,,0,0,,7.8958,Unknown,S,Mr,Unknown,0,7.8958
76,78,0,3,,male,,0,0,,8.05,Unknown,S,Mr,Unknown,0,8.05
77,79,1,2,,male,0.83,0,2,,29.0,Unknown,S,Master,Unknown,2,9.666666666666666
78,80,1,3,,female,30.0,0,0,,12.475,Unknown,S,Miss,Unknown,0,12.475
79,81,0,3,,male,22.0,0,0,,9.0,Unknown,S,Mr,Unknown,0,9.0
80,82,1,3,,male,29.0,0,0,,9.5,Unknown,S,Mr,Unknown,0,9.5
81,83,1,3,,female,,0,0,,7.7875,Unknown,Q,Miss,Unknown,0,7.7875
82,84,0,1,,male,28.0,0,0,,47.1,Unknown,S,Mr,Unknown,0,47.1
83,85,1,2,,female,17.0,0,0,,10.5,Unknown,S,Miss,Unknown,0,10.5
84,86,1,3,,female,33.0,3,0,,15.85,Unknown,S,Mrs,Unknown,3,3.9625
85,87,0,3,,male,16.0,1,3,,34.375,Unknown,S,Mr,Unknown,4,6.875
86,88,0,3,,male,,0,0,,8.05,Unknown,S,Mr,Unknown,0,8.05
87,89,1,1,,female,23.0,3,2,,263.0,C23 C25 C27,S,Miss,C,5,43.833333333333336
88,90,0,3,,male,24.0,0,0,,8.05,Unknown,S,Mr,Unknown,0,8.05
89,91,0,3,,male,29.0,0,0,,8.05,Unknown,S,Mr,Unknown,0,8.05
90,92,0,3,,male,20.0,0,0,,7.8542,Unknown,S,Mr,Unknown,0,7.8542
91,93,0,1,,male,46.0,1,0,,61.175,E31,S,Mr,E,1,30.5875
92,94,0,3,,male,26.0,1,2,,20.575,Unknown,S,Mr,Unknown,3,5.14375
93,95,0,3,,male,59.0,0,0,,7.25,Unknown,S,Mr,Unknown,0,7.25
94,96,0,3,,male,,0,0,,8.05,Unknown,S,Mr,Unknown,0,8.05
95,97,0,1,,male,71.0,0,0,,34.6542,A5,C,Mr,A,0,34.6542
96,98,1,1,,male,23.0,0,1,,63.3583,D10 D12,C,Mr,D,1,31.67915
97,99,1,2,,female,34.0,0,1,,23.0,Unknown,S,Mrs,Unknown,1,11.5
98,100,0,2,,male,34.0,1,0,,26.0,Unknown,S,Mr,Unknown,1,13.0
99,101,0,3,,female,28.0,0,0,,7.8958,Unknown,S,Miss,Unknown,0,7.8958
100,102,0,3,,male,,0,0,,7.8958,Unknown,S,Mr,Unknown,0,7.8958
101,103,0,1,,male,21.0,0,1,,77.2875,D26,S,Mr,D,1,38.64375
102,104,0,3,,male,33.0,0,0,,8.6542,Unknown,S,Mr,Unknown,0,8.6542
103,105,0,3,,male,37.0,2,0,,7.925,Unknown,S,Mr,Unknown,2,2.6416666666666666
104,106,0,3,,male,28.0,0,0,,7.8958,Unknown,S,Mr,Unknown,0,7.8958
105,107,1,3,,female,21.0,0,0,,7.65,Unknown,S,Miss,Unknown,0,7.65
106,108,1,3,,male,,0,0,,7.775,Unknown,S,Mr,Unknown,0,7.775
107,109,0,3,,male,38.0,0,0,,7.8958,Unknown,S,Mr,Unknown,0,7.8958
108,110,1,3,,female,,1,0,,24.15,Unknown,Q,Miss,Unknown,1,12.075
109,111,0,1,,male,47.0,0,0,,52.0,C110,S,Mr,C,0,52.0
110,112,0,3,,female,14.5,1,0,,14.4542,Unknown,C,Miss,Unknown,1,7.2271
111,113,0,3,,male,22.0,0,0,,8.05,Unknown,S,Mr,Unknown,0,8.05
112,114,0,3,,female,20.0,1,0,,9.825,Unknown,S,Miss,Unknown,1,4.9125
113,115,0,3,,female,17.0,0,0,,14.4583,Unknown,C,Miss,Unknown,0,14.4583
114,116,0,3,,male,21.0,0,0,,7.925,Unknown,S,Mr,Unknown,0,7.925
115,117,0,3,,male,70.5,0,0,,7.75,Unknown,Q,Mr,Unknown,0,7.75
116,118,0,2,,male,29.0,1,0,,21.0,Unknown,S,Mr,Unknown,1,10.5
117,119,0,1,,male,24.0,0,1,,247.5208,B58 B60,C,Mr,B,1,123.7604
118,120,0,3,,female,2.0,4,2,,31.275,Unknown,S,Miss,Unknown,6,4.4678571428571425
119,121,0,2,,male,21.0,2,0,,73.5,Unknown,S,Mr,Unknown,2,24.5
120,122,0,3,,male,,0,0,,8.05,Unknown,S,Mr,Unknown,0,8.05
121,123,0,2,,male,32.5,1,0,,30.0708,Unknown,C,Mr,Unknown,1,15.0354
122,124,1,2,,female,32.5,0,0,,13.0,E101,S,Miss,E,0,13.0
123,125,0,1,,male,54.0,0,1,,77.2875,D26,S,Mr,D,1,38.64375
124,126,1,3,,male,12.0,1,0,,11.2417,Unknown,C,Master,Unknown,1,5.62085
125,127,0,3,,male,,0,0,,7.75,Unknown,Q,Mr,Unknown,0,7.75
126,128,1,3,,male,24.0,0,0,,7.1417,Unknown,S,Mr,Unknown,0,7.1417
127,129,1,3,,female,,1,1,,22.3583,F E69,C,Miss,E,2,7.452766666666666
128,130,0,3,,male,45.0,0,0,,6.975,Unknown,S,Mr,Unknown,0,6.975
129,131,0,3,,male,33.0,0,0,,7.8958,Unknown,C,Mr,Unknown,0,7.8958
130,132,0,3,,male,20.0,0,0,,7.05,Unknown,S,Mr,Unknown,0,7.05
131,133,0,3,,female,47.0,1,0,,14.5,Unknown,S,Mrs,Unknown,1,7.25
132,134,1,2,,female,29.0,1,0,,26.0,Unknown,S,Mrs,Unknown,1,13.0
133,135,0,2,,male,25.0,0,0,,13.0,Unknown,S,Mr,Unknown,0,13.0
134,136,0,2,,male,23.0,0,0,,15.0458,Unknown,C,Mr,Unknown,0,15.0458
135,137,1,1,,female,19.0,0,2,,26.2833,D47,S,Miss,D,2,8.7611
136,138,0,1,,male,37.0,1,0,,53.1,C123,S,Mr,C,1,26.55
137,139,0,3,,male,16.0,0,0,,9.2167,Unknown,S,Mr,Unknown,0,9.2167
138,140,0,1,,male,24.0,0,0,,79.2,B86,C,Mr,B,0,79.2
139,141,0,3,,female,,0,2,,15.2458,Unknown,C,Mrs,Unknown,2,5.081933333333333
140,142,1,3,,female,22.0,0,0,,7.75,Unknown,S,Miss,Unknown,0,7.75
141,143,1,3,,female,24.0,1,0,,15.85,Unknown,S,Mrs,Unknown,1,7.925
142,144,0,3,,male,19.0,0,0,,6.75,Unknown,Q,Mr,Unknown,0,6.75
143,145,0,2,,male,18.0,0,0,,11.5,Unknown,S,Mr,Unknown,0,11.5
144,146,0,2,,male,19.0,1,1,,36.75,Unknown,S,Mr,Unknown,2,12.25
145,147,1,3,,male,27.0,0,0,,7.7958,Unknown,S,Mr,Unknown,0,7.7958
146,148,0,3,,female,9.0,2,2,,34.375,Unknown,S,Miss,Unknown,4,6.875
147,149,0,2,,male,36.5,0,2,,26.0,F2,S,Mr,F,2,8.666666666666666
148,150,0,2,,male,42.0,0,0,,13.0,Unknown,S,Mr,Unknown,0,13.0
149,151,0,2,,male,51.0,0,0,,12.525,Unknown,S,Mr,Unknown,0,12.525
150,152,1,1,,female,22.0,1,0,,66.6,C2,S,Mrs,C,1,33.3
151,153,0,3,,male,55.5,0,0,,8.05,Unknown,S,Mr,Unknown,0,8.05
152,154,0,3,,male,40.5,0,2,,14.5,Unknown,S,Mr,Unknown,2,4.833333333333333
153,155,0,3,,male,,0,0,,7.3125,Unknown,S,Mr,Unknown,0,7.3125
154,156,0,1,,male,51.0,0,1,,61.3792,Unknown,C,Mr,Unknown,1,30.6896
155,157,1,3,,female,16.0,0,0,,7.7333,Unknown,Q,Miss,Unknown,0,7.7333
156,158,0,3,,male,30.0,0,0,,8.05,Unknown,S,Mr,Unknown,0,8.05
157,159,0,3,,male,,0,0,,8.6625,Unknown,S,Mr,Unknown,0,8.6625
158,160,0,3,,male,,8,2,,69.55,Unknown,S,Master,Unknown,10,6.322727272727272
159,161,0,3,,male,44.0,0,1,,16.1,Unknown,S,Mr,Unknown,1,8.05
160,162,1,2,,female,40.0,0,0,,15.75,Unknown,S,Mrs,Unknown,0,15.75
161,163,0,3,,male,26.0,0,0,,7.775,Unknown,S,Mr,Unknown,0,7.775
162,164,0,3,,male,17.0,0,0,,8.6625,Unknown,S,Mr,Unknown,0,8.6625
163,165,0,3,,male,1.0,4,1,,39.6875,Unknown,S,Master,Unknown,5,6.614583333333333
164,166,1,3,,male,9.0,0,2,,20.525,Unknown,S,Master,Unknown,2,6.841666666666666
165,167,1,1,,female,,0,1,,55.0,E33,S,Mrs,E,1,27.5
166,168,0,3,,female,45.0,1,4,,27.9,Unknown,S,Mrs,Unknown,5,4.6499999999999995
167,169,0,1,,male,,0,0,,25.925,Unknown,S,Mr,Unknown,0,25.925
168,170,0,3,,male,28.0,0,0,,56.4958,Unknown,S,Mr,Unknown,0,56.4958
169,171,0,1,,male,61.0,0,0,,33.5,B19,S,Mr,B,0,33.5
170,172,0,3,,male,4.0,4,1,,29.125,Unknown,Q,Master,Unknown,5,4.854166666666667
171,173,1,3,,female,1.0,1,1,,11.1333,Unknown,S,Miss,Unknown,2,3.7111
172,174,0,3,,male,21.0,0,0,,7.925,Unknown,S,Mr,Unknown,0,7.925
173,175,0,1,,male,56.0,0,0,,30.6958,A7,C,Mr,A,0,30.6958
174,176,0,3,,male,18.0,1,1,,7.8542,Unknown,S,Mr,Unknown,2,2.6180666666666665
175,177,0,3,,male,,3,1,,25.4667,Unknown,S,Master,Unknown,4,5.0933399999999995
176,178,0,1,,female,50.0,0,0,,28.7125,C49,C,Miss,C,0,28.7125
177,179,0,2,,male,30.0,0,0,,13.0,Unknown,S,Mr,Unknown,0,13.0
178,180,0,3,,male,36.0,0,0,,,Unknown,S,Mr,Unknown,0,-1
179,181,0,3,,female,,8,2,,69.55,Unknown,S,Miss,Unknown,10,6.322727272727272
180,182,0,2,,male,,0,0,,15.05,Unknown,C,Mr,Unknown,0,15.05
181,183,0,3,,male,9.0,4,2,,31.3875,Unknown,S,Master,Unknown,6,4.483928571428572
182,184,1,2,,male,1.0,2,1,,39.0,F4,S,Master,F,3,9.75
183,185,1,3,,female,4.0,0,2,,22.025,Unknown,S,Miss,Unknown,2,7.341666666666666
184,186,0,1,,male,,0,0,,50.0,A32,S,Mr,A,0,50.0
185,187,1,3,,female,,1,0,,15.5,Unknown,Q,Mrs,Unknown,1,7.75
186,188,1,1,,male,45.0,0,0,,26.55,Unknown,S,Mr,Unknown,0,26.55
187,189,0,3,,male,40.0,1,1,,15.5,Unknown,Q,Mr,Unknown,2,5.166666666666667
188,190,0,3,,male,36.0,0,0,,7.8958,Unknown,S,Mr,Unknown,0,7.8958
189,191,1,2,,female,32.0,0,0,,13.0,Unknown,S,Mrs,Unknown,0,13.0
190,192,0,2,,male,19.0,0,0,,13.0,Unknown,S,Mr,Unknown,0,13.0
191,193,1,3,,female,19.0,1,0,,7.8542,Unknown,S,Miss,Unknown,1,3.9271
192,194,1,2,,male,3.0,1,1,,26.0,F2,S,Master,F,2,8.666666666666666
193,195,1,1,,female,44.0,0,0,,27.7208,B4,C,Mrs,B,0,27.7208
194,196,1,1,,female,58.0,0,0,,146.5208,B80,C,Miss,B,0,146.5208
195,197,0,3,,male,,0,0,,7.75,Unknown,Q,Mr,Unknown,0,7.75
196,198,0,3,,male,42.0,0,1,,8.4042,Unknown,S,Mr,Unknown,1,4.2021
197,199,1,3,,female,,0,0,,7.75,Unknown,Q,Miss,Unknown,0,7.75
198,200,0,2,,female,24.0,0,0,,13.0,Unknown,S,Mrs,Unknown,0,13.0
199,201,0,3,,male,28.0,0,0,,9.5,Unknown,S,Mr,Unknown,0,9.5
200,202,0,3,,male,,8,2,,69.55,Unknown,S,Mr,Unknown,10,6.322727272727272
201,203,0,3,,male,34.0,0,0,,6.4958,Unknown,S,Mr,Unknown,0,6.4958
202,204,0,3,,male,45.5,0,0,,7.225,Unknown,C,Mr,Unknown,0,7.225
203,205,1,3,,male,18.0,0,0,,8.05,Unknown,S,Mr,Unknown,0,8.05
204,206,0,3,,female,2.0,0,1,,10.4625,G6,S,Miss,G,1,5.23125
205,207,0,3,,male,32.0,1,0,,15.85,Unknown,S,Mr,Unknown,1,7.925
206,208,1,3,,male,26.0,0,0,,18.7875,Unknown,C,Mr,Unknown,0,18.7875
207,209,1,3,,female,16.0,0,0,,7.75,Unknown,Q,Miss,Unknown,0,7.75
208,210,1,1,,male,40.0,0,0,,31.0,A31,C,Mr,A,0,31.0
209,211,0,3,,male,24.0,0,0,,7.05,Unknown,S,Mr,Unknown,0,7.05
210,212,1,2,,female,35.0,0,0,,21.0,Unknown,S,Miss,Unknown,0,21.0
211,213,0,3,,male,22.0,0,0,,7.25,Unknown,S,Mr,Unknown,0,7.25
212,214,0,2,,male,30.0,0,0,,13.0,Unknown,S,Mr,Unknown,0,13.0
213,215,0,3,,male,,1,0,,7.75,Unknown,Q,Mr,Unknown,1,3.875
214,216,1,1,,female,31.0,1,0,,113.275,D36,C,Miss,D,1,56.6375
215,217,1,3,,female,27.0,0,0,,7.925,Unknown,S,Miss,Unknown,0,7.925
216,218,0,2,,male,42.0,1,0,,27.0,Unknown,S,Mr,Unknown,1,13.5
217,219,1,1,,female,32.0,0,0,,76.2917,D15,C,Miss,D,0,76.2917
218,220,0,2,,male,30.0,0,0,,10.5,Unknown,S,Mr,Unknown,0,10.5
219,221,1,3,,male,16.0,0,0,,8.05,Unknown,S,Mr,Unknown,0,8.05
220,222,0,2,,male,27.0,0,0,,13.0,Unknown,S,Mr,Unknown,0,13.0
221,223,0,3,,male,51.0,0,0,,8.05,Unknown,S,Mr,Unknown,0,8.05
222,224,0,3,,male,,0,0,,7.8958,Unknown,S,Mr,Unknown,0,7.8958
223,225,1,1,,male,38.0,1,0,,90.0,C93,S,Mr,C,1,45.0
224,226,0,3,,male,22.0,0,0,,9.35,Unknown,S,Mr,Unknown,0,9.35
225,227,1,2,,male,19.0,0,0,,10.5,Unknown,S,Mr,Unknown,0,10.5
226,228,0,3,,male,20.5,0,0,,7.25,Unknown,S,Mr,Unknown,0,7.25
227,229,0,2,,male,18.0,0,0,,13.0,Unknown,S,Mr,Unknown,0,13.0
228,230,0,3,,female,,3,1,,25.4667,Unknown,S,Miss,Unknown,4,5.0933399999999995
229,231,1,1,,female,35.0,1,0,,83.475,C83,S,Mrs,C,1,41.7375
230,232,0,3,,male,29.0,0,0,,7.775,Unknown,S,Mr,Unknown,0,7.775
231,233,0,2,,male,59.0,0,0,,13.5,Unknown,S,Mr,Unknown,0,13.5
232,234,1,3,,female,5.0,4,2,,31.3875,Unknown,S,Miss,Unknown,6,4.483928571428572
233,235,0,2,,male,24.0,0,0,,10.5,Unknown,S,Mr,Unknown,0,10.5
234,236,0,3,,female,,0,0,,7.55,Unknown,S,Miss,Unknown,0,7.55
235,237,0,2,,male,44.0,1,0,,26.0,Unknown,S,Mr,Unknown,1,13.0
236,238,1,2,,female,8.0,0,2,,26.25,Unknown,S,Miss,Unknown,2,8.75
237,239,0,2,,male,19.0,0,0,,10.5,Unknown,S,Mr,Unknown,0,10.5
238,240,0,2,,male,33.0,0,0,,12.275,Unknown,S,Mr,Unknown,0,12.275
239,241,0,3,,female,,1,0,,14.4542,Unknown,C,Miss,Unknown,1,7.2271
240,242,1,3,,female,,1,0,,15.5,Unknown,Q,Miss,Unknown,1,7.75
241,243,0,2,,male,29.0,0,0,,10.5,Unknown,S,Mr,Unknown,0,10.5
242,244,0,3,,male,22.0,0,0,,7.125,Unknown,S,Mr,Unknown,0,7.125
243,245,0,3,,male,30.0,0,0,,7.225,Unknown,C,Mr,Unknown,0,7.225
244,246,0,1,,male,44.0,2,0,,90.0,C78,Q,Mrs,C,2,30.0
245,247,0,3,,female,25.0,0,0,,7.775,Unknown,S,Miss,Unknown,0,7.775
246,248,1,2,,female,24.0,0,2,,14.5,Unknown,S,Mrs,Unknown,2,4.833333333333333
247,249,1,1,,male,37.0,1,1,,52.5542,D35,S,Mr,D,2,17.518066666666666
248,250,0,2,,male,54.0,1,0,,26.0,Unknown,S,Mr,Unknown,1,13.0
249,251,0,3,,male,,0,0,,7.25,Unknown,S,Mr,Unknown,0,7.25
250,252,0,3,,female,29.0,1,1,,10.4625,G6,S,Mrs,G,2,3.4875000000000003
251,253,0,1,,male,62.0,0,0,,26.55,C87,S,Mr,C,0,26.55
252,254,0,3,,male,30.0,1,0,,16.1,Unknown,S,Mr,Unknown,1,8.05
253,255,0,3,,female,41.0,0,2,,20.2125,Unknown,S,Mrs,Unknown,2,6.7375
254,256,1,3,,female,29.0,0,2,,15.2458,Unknown,C,Mrs,Unknown,2,5.081933333333333
255,257,1,1,,female,,0,0,,79.2,Unknown,C,Mrs,Unknown,0,79.2
256,258,1,1,,female,30.0,0,0,,86.5,B77,S,Miss,B,0,86.5
257,259,1,1,,female,35.0,0,0,,512.3292,Unknown,C,Miss,Unknown,0,512.3292
258,260,1,2,,female,50.0,0,1,,26.0,Unknown,S,Mrs,Unknown,1,13.0
259,261,0,3,,male,,0,0,,7.75,Unknown,Q,Mr,Unknown,0,7.75
260,262,1,3,,male,3.0,4,2,,31.3875,Unknown,S,Master,Unknown,6,4.483928571428572
261,263,0,1,,male,52.0,1,1,,79.65,E67,S,Mr,E,2,26.55
262,264,0,1,,male,40.0,0,0,,,B94,S,Mr,B,0,-1
263,265,0,3,,female,,0,0,,7.75,Unknown,Q,Miss,Unknown,0,7.75
264,266,0,2,,male,36.0,0,0,,10.5,Unknown,S,Mr,Unknown,0,10.5
265,267,0,3,,male,16.0,4,1,,39.6875,Unknown,S,Mr,Unknown,5,6.614583333333333
266,268,1,3,,male,25.0,1,0,,7.775,Unknown,S,Mr,Unknown,1,3.8875
267,269,1,1,,female,58.0,0,1,,153.4625,C125,S,Mrs,C,1,76.73125
268,270,1,1,,female,35.0,0,0,,135.6333,C99,S,Miss,C,0,135.6333
269,271,0,1,,male,,0,0,,31.0,Unknown,S,Mr,Unknown,0,31.0
270,272,1,3,,male,25.0,0,0,,,Unknown,S,Mr,Unknown,0,-1
271,273,1,2,,female,41.0,0,1,,19.5,Unknown,S,Mrs,Unknown,1,9.75
272,274,0,1,,male,37.0,0,1,,29.7,C118,C,Mr,C,1,14.85
273,275,1,3,,female,,0,0,,7.75,Unknown,Q,Miss,Unknown,0,7.75
274,276,1,1,,female,63.0,1,0,,77.9583,D7,S,Miss,D,1,38.97915
275,277,0,3,,female,45.0,0,0,,7.75,Unknown,S,Miss,Unknown,0,7.75
276,278,0,2,,male,,0,0,,,Unknown,S,Mr,Unknown,0,-1
277,279,0,3,,male,7.0,4,1,,29.125,Unknown,Q,Master,Unknown,5,4.854166666666667
278,280,1,3,,female,35.0,1,1,,20.25,Unknown,S,Mrs,Unknown,2,6.75
279,281,0,3,,male,65.0,0,0,,7.75,Unknown,Q,Mr,Unknown,0,7.75
280,282,0,3,,male,28.0,0,0,,7.8542,Unknown,S,Mr,Unknown,0,7.8542
281,283,0,3,,male,16.0,0,0,,9.5,Unknown,S,Mr,Unknown,0,9.5
282,284,1,3,,male,19.0,0,0,,8.05,Unknown,S,Mr,Unknown,0,8.05
283,285,0,1,,male,,0,0,,26.0,A19,S,Mr,A,0,26.0
284,286,0,3,,male,33.0,0,0,,8.6625,Unknown,C,Mr,Unknown,0,8.6625
285,287,1,3,,male,30.0,0,0,,9.5,Unknown,S,Mr,Unknown,0,9.5
286,288,0,3,,male,22.0,0,0,,7.8958,Unknown,S,Mr,Unknown,0,7.8958
287,289,1,2,,male,42.0,0,0,,13.0,Unknown,S,Mr,Unknown,0,13.0
288,290,1,3,,female,22.0,0,0,,7.75,Unknown,Q,Miss,Unknown,0,7.75
289,291,1,1,,female,26.0,0,0,,78.85,Unknown,S,Miss,Unknown,0,78.85
290,292,1,1,,female,19.0,1,0,,91.0792,B49,C,Mrs,B,1,45.5396
291,293,0,2,,male,36.0,0,0,,12.875,D,C,Mr,D,0,12.875
292,294,0,3,,female,24.0,0,0,,8.85,Unknown,S,Miss,Unknown,0,8.85
293,295,0,3,,male,24.0,0,0,,7.8958,Unknown,S,Mr,Unknown,0,7.8958
294,296,0,1,,male,,0,0,,27.7208,Unknown,C,Mr,Unknown,0,27.7208
295,297,0,3,,male,23.5,0,0,,7.2292,Unknown,C,Mr,Unknown,0,7.2292
296,298,0,1,,female,2.0,1,2,,151.55,C22 C26,S,Miss,C,3,37.8875
297,299,1,1,,male,,0,0,,30.5,C106,S,Mr,C,0,30.5
298,300,1,1,,female,50.0,0,1,,247.5208,B58 B60,C,Mrs,B,1,123.7604
299,301,1,3,,female,,0,0,,7.75,Unknown,Q,Miss,Unknown,0,7.75
300,302,1,3,,male,,2,0,,23.25,Unknown,Q,Mr,Unknown,2,7.75
301,303,0,3,,male,19.0,0,0,,,Unknown,S,Mr,Unknown,0,-1
302,304,1,2,,female,,0,0,,12.35,E101,Q,Miss,E,0,12.35
303,305,0,3,,male,,0,0,,8.05,Unknown,S,Mr,Unknown,0,8.05
304,306,1,1,,male,0.92,1,2,,151.55,C22 C26,S,Master,C,3,37.8875
305,307,1,1,,female,,0,0,,110.8833,Unknown,C,Miss,Unknown,0,110.8833
306,308,1,1,,female,17.0,1,0,,108.9,C65,C,Mrs,C,1,54.45
307,309,0,2,,male,30.0,1,0,,24.0,Unknown,C,Mr,Unknown,1,12.0
308,310,1,1,,female,30.0,0,0,,56.9292,E36,C,Miss,E,0,56.9292
309,311,1,1,,female,24.0,0,0,,83.1583,C54,C,Miss,C,0,83.1583
310,312,1,1,,female,18.0,2,2,,262.375,B57 B59 B63 B66,C,Miss,B,4,52.475
311,313,0,2,,female,26.0,1,1,,26.0,Unknown,S,Mrs,Unknown,2,8.666666666666666
312,314,0,3,,male,28.0,0,0,,7.8958,Unknown,S,Mr,Unknown,0,7.8958
313,315,0,2,,male,43.0,1,1,,26.25,Unknown,S,Mr,Unknown,2,8.75
314,316,1,3,,female,26.0,0,0,,7.8542,Unknown,S,Miss,Unknown,0,7.8542
315,317,1,2,,female,24.0,1,0,,26.0,Unknown,S,Mrs,Unknown,1,13.0
316,318,0,2,,male,54.0,0,0,,14.0,Unknown,S,Mrs,Unknown,0,14.0
317,319,1,1,,female,31.0,0,2,,164.8667,C7,S,Miss,C,2,54.95556666666667
318,320,1,1,,female,40.0,1,1,,134.5,E34,C,Mrs,E,2,44.833333333333336
319,321,0,3,,male,22.0,0,0,,7.25,Unknown,S,Mr,Unknown,0,7.25
320,322,0,3,,male,27.0,0,0,,7.8958,Unknown,S,Mr,Unknown,0,7.8958
321,323,1,2,,female,30.0,0,0,,12.35,Unknown,Q,Miss,Unknown,0,12.35
322,324,1,2,,female,22.0,1,1,,29.0,Unknown,S,Mrs,Unknown,2,9.666666666666666
323,325,0,3,,male,,8,2,,69.55,Unknown,S,Mr,Unknown,10,6.322727272727272
324,326,1,1,,female,36.0,0,0,,135.6333,C32,C,Miss,C,0,135.6333
325,327,0,3,,male,61.0,0,0,,6.2375,Unknown,S,Mr,Unknown,0,6.2375
326,328,1,2,,female,36.0,0,0,,13.0,D,S,Mrs,D,0,13.0
327,329,1,3,,female,31.0,1,1,,20.525,Unknown,S,Mrs,Unknown,2,6.841666666666666
328,330,1,1,,female,16.0,0,1,,57.9792,B18,C,Miss,B,1,28.9896
329,331,1,3,,female,,2,0,,23.25,Unknown,Q,Miss,Unknown,2,7.75
330,332,0,1,,male,45.5,0,0,,28.5,C124,S,Mr,C,0,28.5
331,333,0,1,,male,38.0,0,1,,153.4625,C91,S,Mr,C,1,76.73125
332,334,0,3,,male,16.0,2,0,,18.0,Unknown,S,Mr,Unknown,2,6.0
333,335,1,1,,female,,1,0,,133.65,Unknown,S,Mrs,Unknown,1,66.825
334,336,0,3,,male,,0,0,,7.8958,Unknown,S,Mr,Unknown,0,7.8958
335,337,0,1,,male,29.0,1,0,,66.6,C2,S,Mr,C,1,33.3
336,338,1,1,,female,41.0,0,0,,134.5,E40,C,Miss,E,0,134.5
337,339,1,3,,male,45.0,0,0,,8.05,Unknown,S,Mr,Unknown,0,8.05
338,340,0,1,,male,45.0,0,0,,35.5,T,S,Mr,T,0,35.5
339,341,1,2,,male,2.0,1,1,,26.0,F2,S,Master,F,2,8.666666666666666
340,342,1,1,,female,24.0,3,2,,263.0,C23 C25 C27,S,Miss,C,5,43.833333333333336
341,343,0,2,,male,28.0,0,0,,13.0,Unknown,S,Mr,Unknown,0,13.0
342,344,0,2,,male,25.0,0,0,,13.0,Unknown,S,Mr,Unknown,0,13.0
343,345,0,2,,male,36.0,0,0,,13.0,Unknown,S,Mr,Unknown,0,13.0
344,346,1,2,,female,24.0,0,0,,13.0,F33,S,Miss,F,0,13.0
345,347,1,2,,female,40.0,0,0,,13.0,Unknown,S,Miss,Unknown,0,13.0
346,348,1,3,,female,,1,0,,16.1,Unknown,S,Mrs,Unknown,1,8.05
347,349,1,3,,male,3.0,1,1,,15.9,Unknown,S,Master,Unknown,2,5.3
348,350,0,3,,male,42.0,0,0,,8.6625,Unknown,S,Mr,Unknown,0,8.6625
349,351,0,3,,male,23.0,0,0,,9.225,Unknown,S,Mr,Unknown,0,9.225
350,352,0,1,,male,,0,0,,35.0,C128,S,Mr,C,0,35.0
351,353,0,3,,male,15.0,1,1,,7.2292,Unknown,C,Mr,Unknown,2,2.409733333333333
352,354,0,3,,male,25.0,1,0,,17.8,Unknown,S,Mr,Unknown,1,8.9
353,355,0,3,,male,,0,0,,7.225,Unknown,C,Mr,Unknown,0,7.225
354,356,0,3,,male,28.0,0,0,,9.5,Unknown,S,Mr,Unknown,0,9.5
355,357,1,1,,female,22.0,0,1,,55.0,E33,S,Miss,E,1,27.5
356,358,0,2,,female,38.0,0,0,,13.0,Unknown,S,Miss,Unknown,0,13.0
357,359,1,3,,female,,0,0,,7.8792,Unknown,Q,Miss,Unknown,0,7.8792
358,360,1,3,,female,,0,0,,7.8792,Unknown,Q,Miss,Unknown,0,7.8792
359,361,0,3,,male,40.0,1,4,,27.9,Unknown,S,Mr,Unknown,5,4.6499999999999995
360,362,0,2,,male,29.0,1,0,,27.7208,Unknown,C,Mr,Unknown,1,13.8604
361,363,0,3,,female,45.0,0,1,,14.4542,Unknown,C,Mrs,Unknown,1,7.2271
362,364,0,3,,male,35.0,0,0,,7.05,Unknown,S,Mr,Unknown,0,7.05
363,365,0,3,,male,,1,0,,15.5,Unknown,Q,Mr,Unknown,1,7.75
364,366,0,3,,male,30.0,0,0,,7.25,Unknown,S,Mr,Unknown,0,7.25
365,367,1,1,,female,60.0,1,0,,75.25,D37,C,Mrs,D,1,37.625
366,368,1,3,,female,,0,0,,7.2292,Unknown,C,Mrs,Unknown,0,7.2292
367,369,1,3,,female,,0,0,,7.75,Unknown,Q,Miss,Unknown,0,7.75
368,370,1,1,,female,24.0,0,0,,69.3,B35,C,Mrs,B,0,69.3
369,371,1,1,,male,25.0,1,0,,55.4417,E50,C,Mr,E,1,27.72085
370,372,0,3,,male,18.0,1,0,,6.4958,Unknown,S,Mr,Unknown,1,3.2479
371,373,0,3,,male,19.0,0,0,,8.05,Unknown,S,Mr,Unknown,0,8.05
372,374,0,1,,male,22.0,0,0,,135.6333,Unknown,C,Mr,Unknown,0,135.6333
373,375,0,3,,female,3.0,3,1,,21.075,Unknown,S,Miss,Unknown,4,4.215
374,376,1,1,,female,,1,0,,82.1708,Unknown,C,Mrs,Unknown,1,41.0854
375,377,1,3,,female,22.0,0,0,,7.25,Unknown,S,Miss,Unknown,0,7.25
376,378,0,1,,male,27.0,0,2,,211.5,C82,C,Mr,C,2,70.5
377,379,0,3,,male,20.0,0,0,,4.0125,Unknown,C,Mr,Unknown,0,4.0125
378,380,0,3,,male,19.0,0,0,,7.775,Unknown,S,Mr,Unknown,0,7.775
379,381,1,1,,female,42.0,0,0,,227.525,Unknown,C,Miss,Unknown,0,227.525
380,382,1,3,,female,1.0,0,2,,15.7417,Unknown,C,Miss,Unknown,2,5.247233333333333
381,383,0,3,,male,32.0,0,0,,7.925,Unknown,S,Mr,Unknown,0,7.925
382,384,1,1,,female,35.0,1,0,,52.0,Unknown,S,Mrs,Unknown,1,26.0
383,385,0,3,,male,,0,0,,7.8958,Unknown,S,Mr,Unknown,0,7.8958
384,386,0,2,,male,18.0,0,0,,73.5,Unknown,S,Mr,Unknown,0,73.5
385,387,0,3,,male,1.0,5,2,,46.9,Unknown,S,Master,Unknown,7,5.8625
386,388,1,2,,female,36.0,0,0,,13.0,Unknown,S,Miss,Unknown,0,13.0
387,389,0,3,,male,,0,0,,7.7292,Unknown,Q,Mr,Unknown,0,7.7292
388,390,1,2,,female,17.0,0,0,,12.0,Unknown,C,Miss,Unknown,0,12.0
389,391,1,1,,male,36.0,1,2,,120.0,B96 B98,S,Mr,B,3,30.0
390,392,1,3,,male,21.0,0,0,,7.7958,Unknown,S,Mr,Unknown,0,7.7958
391,393,0,3,,male,28.0,2,0,,7.925,Unknown,S,Mr,Unknown,2,2.6416666666666666
392,394,1,1,,female,23.0,1,0,,113.275,D36,C,Miss,D,1,56.6375
393,395,1,3,,female,24.0,0,2,,16.7,G6,S,Mrs,G,2,5.566666666666666
394,396,0,3,,male,22.0,0,0,,7.7958,Unknown,S,Mr,Unknown,0,7.7958
395,397,0,3,,female,31.0,0,0,,7.8542,Unknown,S,Miss,Unknown,0,7.8542
396,398,0,2,,male,46.0,0,0,,26.0,Unknown,S,Mr,Unknown,0,26.0
397,399,0,2,,male,23.0,0,0,,10.5,Unknown,S,Mrs,Unknown,0,10.5
398,400,1,2,,female,28.0,0,0,,12.65,Unknown,S,Mrs,Unknown,0,12.65
399,401,1,3,,male,39.0,0,0,,7.925,Unknown,S,Mr,Unknown,0,7.925
400,402,0,3,,male,26.0,0,0,,8.05,Unknown,S,Mr,Unknown,0,8.05
401,403,0,3,,female,21.0,1,0,,9.825,Unknown,S,Miss,Unknown,1,4.9125
402,404,0,3,,male,28.0,1,0,,15.85,Unknown,S,Mr,Unknown,1,7.925
403,405,0,3,,female,20.0,0,0,,8.6625,Unknown,S,Miss,Unknown,0,8.6625
404,406,0,2,,male,34.0,1,0,,21.0,Unknown,S,Mr,Unknown,1,10.5
405,407,0,3,,male,51.0,0,0,,7.75,Unknown,S,Mr,Unknown,0,7.75
406,408,1,2,,male,3.0,1,1,,18.75,Unknown,S,Master,Unknown,2,6.25
407,409,0,3,,male,21.0,0,0,,7.775,Unknown,S,Mr,Unknown,0,7.775
408,410,0,3,,female,,3,1,,25.4667,Unknown,S,Miss,Unknown,4,5.0933399999999995
409,411,0,3,,male,,0,0,,7.8958,Unknown,S,Mr,Unknown,0,7.8958
410,412,0,3,,male,,0,0,,6.8583,Unknown,Q,Mr,Unknown,0,6.8583
411,413,1,1,,female,33.0,1,0,,90.0,C78,Q,Miss,C,1,45.0
412,414,0,2,,male,,0,0,,,Unknown,S,Mr,Unknown,0,-1
413,415,1,3,,male,44.0,0,0,,7.925,Unknown,S,Mr,Unknown,0,7.925
414,416,0,3,,female,,0,0,,8.05,Unknown,S,Mrs,Unknown,0,8.05
415,417,1,2,,female,34.0,1,1,,32.5,Unknown,S,Mrs,Unknown,2,10.833333333333334
416,418,1,2,,female,18.0,0,2,,13.0,Unknown,S,Miss,Unknown,2,4.333333333333333
417,419,0,2,,male,30.0,0,0,,13.0,Unknown,S,Mr,Unknown,0,13.0
418,420,0,3,,female,10.0,0,2,,24.15,Unknown,S,Miss,Unknown,2,8.049999999999999
419,421,0,3,,male,,0,0,,7.8958,Unknown,C,Mr,Unknown,0,7.8958
420,422,0,3,,male,21.0,0,0,,7.7333,Unknown,Q,Mr,Unknown,0,7.7333
421,423,0,3,,male,29.0,0,0,,7.875,Unknown,S,Mr,Unknown,0,7.875
422,424,0,3,,female,28.0,1,1,,14.4,Unknown,S,Mrs,Unknown,2,4.8
423,425,0,3,,male,18.0,1,1,,20.2125,Unknown,S,Mr,Unknown,2,6.7375
424,426,0,3,,male,,0,0,,7.25,Unknown,S,Mr,Unknown,0,7.25
425,427,1,2,,female,28.0,1,0,,26.0,Unknown,S,Mrs,Unknown,1,13.0
426,428,1,2,,female,19.0,0,0,,26.0,Unknown,S,Mrs,Unknown,0,26.0
427,429,0,3,,male,,0,0,,7.75,Unknown,Q,Mr,Unknown,0,7.75
428,430,1,3,,male,32.0,0,0,,8.05,E10,S,Mr,E,0,8.05
429,431,1,1,,male,28.0,0,0,,26.55,C52,S,Mr,C,0,26.55
430,432,1,3,,female,,1,0,,16.1,Unknown,S,Mrs,Unknown,1,8.05
431,433,1,2,,female,42.0,1,0,,26.0,Unknown,S,Mrs,Unknown,1,13.0
432,434,0,3,,male,17.0,0,0,,7.125,Unknown,S,Mr,Unknown,0,7.125
433,435,0,1,,male,50.0,1,0,,55.9,E44,S,Mr,E,1,27.95
434,436,1,1,,female,14.0,1,2,,120.0,B96 B98,S,Miss,B,3,30.0
435,437,0,3,,female,21.0,2,2,,34.375,Unknown,S,Miss,Unknown,4,6.875
436,438,1,2,,female,24.0,2,3,,18.75,Unknown,S,Mrs,Unknown,5,3.125
437,439,0,1,,male,64.0,1,4,,263.0,C23 C25 C27,S,Mr,C,5,43.833333333333336
438,440,0,2,,male,31.0,0,0,,10.5,Unknown,S,Mr,Unknown,0,10.5
439,441,1,2,,female,45.0,1,1,,26.25,Unknown,S,Mrs,Unknown,2,8.75
440,442,0,3,,male,20.0,0,0,,9.5,Unknown,S,Mr,Unknown,0,9.5
441,443,0,3,,male,25.0,1,0,,7.775,Unknown,S,Mr,Unknown,1,3.8875
442,444,1,2,,female,28.0,0,0,,13.0,Unknown,S,Miss,Unknown,0,13.0
443,445,1,3,,male,,0,0,,8.1125,Unknown,S,Mr,Unknown,0,8.1125
444,446,1,1,,male,4.0,0,2,,81.8583,A34,S,Master,A,2,27.2861
445,447,1,2,,female,13.0,0,1,,19.5,Unknown,S,Miss,Unknown,1,9.75
446,448,1,1,,male,34.0,0,0,,26.55,Unknown,S,Mr,Unknown,0,26.55
447,449,1,3,,female,5.0,2,1,,19.2583,Unknown,C,Miss,Unknown,3,4.814575
448,450,1,1,,male,52.0,0,0,,30.5,C104,S,Mr,C,0,30.5
449,451,0,2,,male,36.0,1,2,,27.75,Unknown,S,Mr,Unknown,3,6.9375
450,452,0,3,,male,,1,0,,19.9667,Unknown,S,Mr,Unknown,1,9.98335
451,453,0,1,,male,30.0,0,0,,27.75,C111,C,Mr,C,0,27.75
452,454,1,1,,male,49.0,1,0,,89.1042,C92,C,Mr,C,1,44.5521
453,455,0,3,,male,,0,0,,8.05,Unknown,S,Mr,Unknown,0,8.05
454,456,1,3,,male,29.0,0,0,,7.8958,Unknown,C,Mr,Unknown,0,7.8958
455,457,0,1,,male,65.0,0,0,,26.55,E38,S,Mr,E,0,26.55
456,458,1,1,,female,,1,0,,51.8625,D21,S,Mrs,D,1,25.93125
457,459,1,2,,female,50.0,0,0,,10.5,Unknown,S,Miss,Unknown,0,10.5
458,460,0,3,,male,,0,0,,7.75,Unknown,Q,Mr,Unknown,0,7.75
459,461,1,1,,male,48.0,0,0,,26.55,E12,S,Mr,E,0,26.55
460,462,0,3,,male,34.0,0,0,,8.05,Unknown,S,Mr,Unknown,0,8.05
461,463,0,1,,male,47.0,0,0,,38.5,E63,S,Mr,E,0,38.5
462,464,0,2,,male,48.0,0,0,,13.0,Unknown,S,Mr,Unknown,0,13.0
463,465,0,3,,male,,0,0,,8.05,Unknown,S,Mr,Unknown,0,8.05
464,466,0,3,,male,38.0,0,0,,7.05,Unknown,S,Mr,Unknown,0,7.05
465,467,0,2,,male,,0,0,,,Unknown,S,Mr,Unknown,0,-1
466,468,0,1,,male,56.0,0,0,,26.55,Unknown,S,Mr,Unknown,0,26.55
467,469,0,3,,male,,0,0,,7.725,Unknown,Q,Mr,Unknown,0,7.725
468,470,1,3,,female,0.75,2,1,,19.2583,Unknown,C,Miss,Unknown,3,4.814575
469,471,0,3,,male,,0,0,,7.25,Unknown,S,Mr,Unknown,0,7.25
470,472,0,3,,male,38.0,0,0,,8.6625,Unknown,S,Mr,Unknown,0,8.6625
471,473,1,2,,female,33.0,1,2,,27.75,Unknown,S,Mrs,Unknown,3,6.9375
472,474,1,2,,female,23.0,0,0,,13.7917,D,C,Mrs,D,0,13.7917
473,475,0,3,,female,22.0,0,0,,9.8375,Unknown,S,Miss,Unknown,0,9.8375
474,476,0,1,,male,,0,0,,52.0,A14,S,Mr,A,0,52.0
475,477,0,2,,male,34.0,1,0,,21.0,Unknown,S,Mr,Unknown,1,10.5
476,478,0,3,,male,29.0,1,0,,7.0458,Unknown,S,Mr,Unknown,1,3.5229
477,479,0,3,,male,22.0,0,0,,7.5208,Unknown,S,Mr,Unknown,0,7.5208
478,480,1,3,,female,2.0,0,1,,12.2875,Unknown,S,Miss,Unknown,1,6.14375
479,481,0,3,,male,9.0,5,2,,46.9,Unknown,S,Master,Unknown,7,5.8625
480,482,0,2,,male,,0,0,,,Unknown,S,Mr,Unknown,0,-1
481,483,0,3,,male,50.0,0,0,,8.05,Unknown,S,Mr,Unknown,0,8.05
482,484,1,3,,female,63.0,0,0,,9.5875,Unknown,S,Mrs,Unknown,0,9.5875
483,485,1,1,,male,25.0,1,0,,91.0792,B49,C,Mr,B,1,45.5396
484,486,0,3,,female,,3,1,,25.4667,Unknown,S,Miss,Unknown,4,5.0933399999999995
485,487,1,1,,female,35.0,1,0,,90.0,C93,S,Mrs,C,1,45.0
486,488,0,1,,male,58.0,0,0,,29.7,B37,C,Mr,B,0,29.7
487,489,0,3,,male,30.0,0,0,,8.05,Unknown,S,Mr,Unknown,0,8.05
488,490,1,3,,male,9.0,1,1,,15.9,Unknown,S,Master,Unknown,2,5.3
489,491,0,3,,male,,1,0,,19.9667,Unknown,S,Mr,Unknown,1,9.98335
490,492,0,3,,male,21.0,0,0,,7.25,Unknown,S,Mr,Unknown,0,7.25
491,493,0,1,,male,55.0,0,0,,30.5,C30,S,Mr,C,0,30.5
492,494,0,1,,male,71.0,0,0,,49.5042,Unknown,C,Mr,Unknown,0,49.5042
493,495,0,3,,male,21.0,0,0,,8.05,Unknown,S,Mr,Unknown,0,8.05
494,496,0,3,,male,,0,0,,14.4583,Unknown,C,Mr,Unknown,0,14.4583
495,497,1,1,,female,54.0,1,0,,78.2667,D20,C,Miss,D,1,39.13335
496,498,0,3,,male,,0,0,,15.1,Unknown,S,Mr,Unknown,0,15.1
497,499,0,1,,female,25.0,1,2,,151.55,C22 C26,S,Mrs,C,3,37.8875
498,500,0,3,,male,24.0,0,0,,7.7958,Unknown,S,Mr,Unknown,0,7.7958
499,501,0,3,,male,17.0,0,0,,8.6625,Unknown,S,Mr,Unknown,0,8.6625
500,502,0,3,,female,21.0,0,0,,7.75,Unknown,Q,Miss,Unknown,0,7.75
501,503,0,3,,female,,0,0,,7.6292,Unknown,Q,Miss,Unknown,0,7.6292
502,504,0,3,,female,37.0,0,0,,9.5875,Unknown,S,Miss,Unknown,0,9.5875
503,505,1,1,,female,16.0,0,0,,86.5,B79,S,Miss,B,0,86.5
504,506,0,1,,male,18.0,1,0,,108.9,C65,C,Mr,C,1,54.45
505,507,1,2,,female,33.0,0,2,,26.0,Unknown,S,Mrs,Unknown,2,8.666666666666666
506,508,1,1,,male,,0,0,,26.55,Unknown,S,Mr,Unknown,0,26.55
507,509,0,3,,male,28.0,0,0,,22.525,Unknown,S,Mr,Unknown,0,22.525
508,510,1,3,,male,26.0,0,0,,56.4958,Unknown,S,Mr,Unknown,0,56.4958
509,511,1,3,,male,29.0,0,0,,7.75,Unknown,Q,Mr,Unknown,0,7.75
510,512,0,3,,male,,0,0,,8.05,Unknown,S,Mr,Unknown,0,8.05
511,513,1,1,,male,36.0,0,0,,26.2875,E25,S,Mr,E,0,26.2875
512,514,1,1,,female,54.0,1,0,,59.4,Unknown,C,Mrs,Unknown,1,29.7
513,515,0,3,,male,24.0,0,0,,7.4958,Unknown,S,Mr,Unknown,0,7.4958
514,516,0,1,,male,47.0,0,0,,34.0208,D46,S,Mr,D,0,34.0208
515,517,1,2,,female,34.0,0,0,,10.5,F33,S,Mrs,F,0,10.5
516,518,0,3,,male,,0,0,,24.15,Unknown,Q,Mr,Unknown,0,24.15
517,519,1,2,,female,36.0,1,0,,26.0,Unknown,S,Mrs,Unknown,1,13.0
518,520,0,3,,male,32.0,0,0,,7.8958,Unknown,S,Mr,Unknown,0,7.8958
519,521,1,1,,female,30.0,0,0,,93.5,B73,S,Miss,B,0,93.5
520,522,0,3,,male,22.0,0,0,,7.8958,Unknown,S,Mr,Unknown,0,7.8958
521,523,0,3,,male,,0,0,,7.225,Unknown,C,Mr,Unknown,0,7.225
522,524,1,1,,female,44.0,0,1,,57.9792,B18,C,Mrs,B,1,28.9896
523,525,0,3,,male,,0,0,,7.2292,Unknown,C,Mr,Unknown,0,7.2292
524,526,0,3,,male,40.5,0,0,,7.75,Unknown,Q,Mr,Unknown,0,7.75
525,527,1,2,,female,50.0,0,0,,10.5,Unknown,S,Miss,Unknown,0,10.5
526,528,0,1,,male,,0,0,,221.7792,C95,S,Mr,C,0,221.7792
527,529,0,3,,male,39.0,0,0,,7.925,Unknown,S,Mr,Unknown,0,7.925
528,530,0,2,,male,23.0,2,1,,11.5,Unknown,S,Mr,Unknown,3,2.875
529,531,1,2,,female,2.0,1,1,,26.0,Unknown,S,Miss,Unknown,2,8.666666666666666
530,532,0,3,,male,,0,0,,7.2292,Unknown,C,Mr,Unknown,0,7.2292
531,533,0,3,,male,17.0,1,1,,7.2292,Unknown,C,Mr,Unknown,2,2.409733333333333
532,534,1,3,,female,,0,2,,22.3583,Unknown,C,Mrs,Unknown,2,7.452766666666666
533,535,0,3,,female,30.0,0,0,,8.6625,Unknown,S,Miss,Unknown,0,8.6625
534,536,1,2,,female,7.0,0,2,,26.25,Unknown,S,Miss,Unknown,2,8.75
535,537,0,1,,male,45.0,0,0,,26.55,B38,S,Mr,B,0,26.55
536,538,1,1,,female,30.0,0,0,,106.425,Unknown,C,Miss,Unknown,0,106.425
537,539,0,3,,male,,0,0,,14.5,Unknown,S,Mr,Unknown,0,14.5
538,540,1,1,,female,22.0,0,2,,49.5,B39,C,Miss,B,2,16.5
539,541,1,1,,female,36.0,0,2,,71.0,B22,S,Miss,B,2,23.666666666666668
540,542,0,3,,female,9.0,4,2,,31.275,Unknown,S,Miss,Unknown,6,4.4678571428571425
541,543,0,3,,female,11.0,4,2,,31.275,Unknown,S,Miss,Unknown,6,4.4678571428571425
542,544,1,2,,male,32.0,1,0,,26.0,Unknown,S,Mr,Unknown,1,13.0
543,545,0,1,,male,50.0,1,0,,106.425,C86,C,Mr,C,1,53.2125
544,546,0,1,,male,64.0,0,0,,26.0,Unknown,S,Mr,Unknown,0,26.0
545,547,1,2,,female,19.0,1,0,,26.0,Unknown,S,Mrs,Unknown,1,13.0
546,548,1,2,,male,,0,0,,13.8625,Unknown,C,Mr,Unknown,0,13.8625
547,549,0,3,,male,33.0,1,1,,20.525,Unknown,S,Mr,Unknown,2,6.841666666666666
548,550,1,2,,male,8.0,1,1,,36.75,Unknown,S,Master,Unknown,2,12.25
549,551,1,1,,male,17.0,0,2,,110.8833,C70,C,Mr,C,2,36.9611
550,552,0,2,,male,27.0,0,0,,26.0,Unknown,S,Mr,Unknown,0,26.0
551,553,0,3,,male,,0,0,,7.8292,Unknown,Q,Mr,Unknown,0,7.8292
552,554,1,3,,male,22.0,0,0,,7.225,Unknown,C,Mr,Unknown,0,7.225
553,555,1,3,,female,22.0,0,0,,7.775,Unknown,S,Miss,Unknown,0,7.775
554,556,0,1,,male,62.0,0,0,,26.55,Unknown,S,Mr,Unknown,0,26.55
555,557,1,1,,female,48.0,1,0,,39.6,A16,C,Mrs,A,1,19.8
556,558,0,1,,male,,0,0,,227.525,Unknown,C,Mr,Unknown,0,227.525
557,559,1,1,,female,39.0,1,1,,79.65,E67,S,Mrs,E,2,26.55
558,560,1,3,,female,36.0,1,0,,17.4,Unknown,S,Mrs,Unknown,1,8.7
559,561,0,3,,male,,0,0,,7.75,Unknown,Q,Mr,Unknown,0,7.75
560,562,0,3,,male,40.0,0,0,,7.8958,Unknown,S,Mr,Unknown,0,7.8958
561,563,0,2,,male,28.0,0,0,,13.5,Unknown,S,Mr,Unknown,0,13.5
562,564,0,3,,male,,0,0,,8.05,Unknown,S,Mr,Unknown,0,8.05
563,565,0,3,,female,,0,0,,8.05,Unknown,S,Miss,Unknown,0,8.05
564,566,0,3,,male,24.0,2,0,,24.15,Unknown,S,Mr,Unknown,2,8.049999999999999
565,567,0,3,,male,19.0,0,0,,7.8958,Unknown,S,Mr,Unknown,0,7.8958
566,568,0,3,,female,29.0,0,4,,21.075,Unknown,S,Mrs,Unknown,4,4.215
567,569,0,3,,male,,0,0,,7.2292,Unknown,C,Mr,Unknown,0,7.2292
568,570,1,3,,male,32.0,0,0,,7.8542,Unknown,S,Mr,Unknown,0,7.8542
569,571,1,2,,male,62.0,0,0,,10.5,Unknown,S,Mr,Unknown,0,10.5
570,572,1,1,,female,53.0,2,0,,51.4792,C101,S,Mrs,C,2,17.15973333333333
571,573,1,1,,male,36.0,0,0,,26.3875,E25,S,Mr,E,0,26.3875
572,574,1,3,,female,,0,0,,7.75,Unknown,Q,Miss,Unknown,0,7.75
573,575,0,3,,male,16.0,0,0,,8.05,Unknown,S,Mr,Unknown,0,8.05
574,576,0,3,,male,19.0,0,0,,14.5,Unknown,S,Mr,Unknown,0,14.5
575,577,1,2,,female,34.0,0,0,,13.0,Unknown,S,Miss,Unknown,0,13.0
576,578,1,1,,female,39.0,1,0,,55.9,E44,S,Mrs,E,1,27.95
577,579,0,3,,female,,1,0,,14.4583,Unknown,C,Mrs,Unknown,1,7.22915
578,580,1,3,,male,32.0,0,0,,7.925,Unknown,S,Mr,Unknown,0,7.925
579,581,1,2,,female,25.0,1,1,,30.0,Unknown,S,Miss,Unknown,2,10.0
580,582,1,1,,female,39.0,1,1,,110.8833,C68,C,Mrs,C,2,36.9611
581,583,0,2,,male,54.0,0,0,,26.0,Unknown,S,Mr,Unknown,0,26.0
582,584,0,1,,male,36.0,0,0,,40.125,A10,C,Mr,A,0,40.125
583,585,0,3,,male,,0,0,,8.7125,Unknown,C,Mr,Unknown,0,8.7125
584,586,1,1,,female,18.0,0,2,,79.65,E68,S,Miss,E,2,26.55
585,587,0,2,,male,47.0,0,0,,15.0,Unknown,S,Mr,Unknown,0,15.0
586,588,1,1,,male,60.0,1,1,,79.2,B41,C,Mr,B,2,26.400000000000002
587,589,0,3,,male,22.0,0,0,,8.05,Unknown,S,Mr,Unknown,0,8.05
588,590,0,3,,male,,0,0,,8.05,Unknown,S,Mr,Unknown,0,8.05
589,591,0,3,,male,35.0,0,0,,7.125,Unknown,S,Mr,Unknown,0,7.125
590,592,1,1,,female,52.0,1,0,,78.2667,D20,C,Mrs,D,1,39.13335
591,593,0,3,,male,47.0,0,0,,7.25,Unknown,S,Mr,Unknown,0,7.25
592,594,0,3,,female,,0,2,,7.75,Unknown,Q,Miss,Unknown,2,2.5833333333333335
593,595,0,2,,male,37.0,1,0,,26.0,Unknown,S,Mr,Unknown,1,13.0
594,596,0,3,,male,36.0,1,1,,24.15,Unknown,S,Mr,Unknown,2,8.049999999999999
595,597,1,2,,female,,0,0,,33.0,Unknown,S,Miss,Unknown,0,33.0
596,598,0,3,,male,49.0,0,0,,,Unknown,S,Mr,Unknown,0,-1
597,599,0,3,,male,,0,0,,7.225,Unknown,C,Mr,Unknown,0,7.225
598,600,1,1,,male,49.0,1,0,,56.9292,A20,C,Mr,A,1,28.4646
599,601,1,2,,female,24.0,2,1,,27.0,Unknown,S,Mrs,Unknown,3,6.75
600,602,0,3,,male,,0,0,,7.8958,Unknown,S,Mr,Unknown,0,7.8958
601,603,0,1,,male,,0,0,,42.4,Unknown,S,Mr,Unknown,0,42.4
602,604,0,3,,male,44.0,0,0,,8.05,Unknown,S,Mr,Unknown,0,8.05
603,605,1,1,,male,35.0,0,0,,26.55,Unknown,C,Mr,Unknown,0,26.55
604,606,0,3,,male,36.0,1,0,,15.55,Unknown,S,Mr,Unknown,1,7.775
605,607,0,3,,male,30.0,0,0,,7.8958,Unknown,S,Mr,Unknown,0,7.8958
606,608,1,1,,male,27.0,0,0,,30.5,Unknown,S,Mr,Unknown,0,30.5
607,609,1,2,,female,22.0,1,2,,41.5792,Unknown,C,Mrs,Unknown,3,10.3948
608,610,1,1,,female,40.0,0,0,,153.4625,C125,S,Miss,C,0,153.4625
609,611,0,3,,female,39.0,1,5,,31.275,Unknown,S,Mrs,Unknown,6,4.4678571428571425
610,612,0,3,,male,,0,0,,7.05,Unknown,S,Mr,Unknown,0,7.05
611,613,1,3,,female,,1,0,,15.5,Unknown,Q,Miss,Unknown,1,7.75
612,614,0,3,,male,,0,0,,7.75,Unknown,Q,Mr,Unknown,0,7.75
613,615,0,3,,male,35.0,0,0,,8.05,Unknown,S,Mr,Unknown,0,8.05
614,616,1,2,,female,24.0,1,2,,65.0,Unknown,S,Miss,Unknown,3,16.25
615,617,0,3,,male,34.0,1,1,,14.4,Unknown,S,Mr,Unknown,2,4.8
616,618,0,3,,female,26.0,1,0,,16.1,Unknown,S,Mrs,Unknown,1,8.05
617,619,1,2,,female,4.0,2,1,,39.0,F4,S,Miss,F,3,9.75
618,620,0,2,,male,26.0,0,0,,10.5,Unknown,S,Mr,Unknown,0,10.5
619,621,0,3,,male,27.0,1,0,,14.4542,Unknown,C,Mr,Unknown,1,7.2271
620,622,1,1,,male,42.0,1,0,,52.5542,D19,S,Mr,D,1,26.2771
621,623,1,3,,male,20.0,1,1,,15.7417,Unknown,C,Mr,Unknown,2,5.247233333333333
622,624,0,3,,male,21.0,0,0,,7.8542,Unknown,S,Mr,Unknown,0,7.8542
623,625,0,3,,male,21.0,0,0,,16.1,Unknown,S,Mr,Unknown,0,16.1
624,626,0,1,,male,61.0,0,0,,32.3208,D50,S,Mr,D,0,32.3208
625,627,0,2,,male,57.0,0,0,,12.35,Unknown,Q,Mr,Unknown,0,12.35
626,628,1,1,,female,21.0,0,0,,77.9583,D9,S,Miss,D,0,77.9583
627,629,0,3,,male,26.0,0,0,,7.8958,Unknown,S,Mr,Unknown,0,7.8958
628,630,0,3,,male,,0,0,,7.7333,Unknown,Q,Mr,Unknown,0,7.7333
629,631,1,1,,male,80.0,0,0,,30.0,A23,S,Mr,A,0,30.0
630,632,0,3,,male,51.0,0,0,,7.0542,Unknown,S,Mr,Unknown,0,7.0542
631,633,1,1,,male,32.0,0,0,,30.5,B50,C,Mrs,B,0,30.5
632,634,0,1,,male,,0,0,,,Unknown,S,Mr,Unknown,0,-1
633,635,0,3,,female,9.0,3,2,,27.9,Unknown,S,Miss,Unknown,5,4.6499999999999995
634,636,1,2,,female,28.0,0,0,,13.0,Unknown,S,Miss,Unknown,0,13.0
635,637,0,3,,male,32.0,0,0,,7.925,Unknown,S,Mr,Unknown,0,7.925
636,638,0,2,,male,31.0,1,1,,26.25,Unknown,S,Mr,Unknown,2,8.75
637,639,0,3,,female,41.0,0,5,,39.6875,Unknown,S,Mrs,Unknown,5,6.614583333333333
638,640,0,3,,male,,1,0,,16.1,Unknown,S,Mr,Unknown,1,8.05
639,641,0,3,,male,20.0,0,0,,7.8542,Unknown,S,Mr,Unknown,0,7.8542
640,642,1,1,,female,24.0,0,0,,69.3,B35,C,Miss,B,0,69.3
641,643,0,3,,female,2.0,3,2,,27.9,Unknown,S,Miss,Unknown,5,4.6499999999999995
642,644,1,3,,male,,0,0,,56.4958,Unknown,S,Mr,Unknown,0,56.4958
643,645,1,3,,female,0.75,2,1,,19.2583,Unknown,C,Miss,Unknown,3,4.814575
644,646,1,1,,male,48.0,1,0,,76.7292,D33,C,Mr,D,1,38.3646
645,647,0,3,,male,19.0,0,0,,7.8958,Unknown,S,Mr,Unknown,0,7.8958
646,648,1,1,,male,56.0,0,0,,35.5,A26,C,Mr,A,0,35.5
647,649,0,3,,male,,0,0,,7.55,Unknown,S,Mr,Unknown,0,7.55
648,650,1,3,,female,23.0,0,0,,7.55,Unknown,S,Miss,Unknown,0,7.55
649,651,0,3,,male,,0,0,,7.8958,Unknown,S,Mr,Unknown,0,7.8958
650,652,1,2,,female,18.0,0,1,,23.0,Unknown,S,Miss,Unknown,1,11.5
651,653,0,3,,male,21.0,0,0,,8.4333,Unknown,S,Mr,Unknown,0,8.4333
652,654,1,3,,female,,0,0,,7.8292,Unknown,Q,Miss,Unknown,0,7.8292
653,655,0,3,,female,18.0,0,0,,6.75,Unknown,Q,Miss,Unknown,0,6.75
654,656,0,2,,male,24.0,2,0,,73.5,Unknown,S,Mr,Unknown,2,24.5
655,657,0,3,,male,,0,0,,7.8958,Unknown,S,Mr,Unknown,0,7.8958
656,658,0,3,,female,32.0,1,1,,15.5,Unknown,Q,Mrs,Unknown,2,5.166666666666667
657,659,0,2,,male,23.0,0,0,,13.0,Unknown,S,Mr,Unknown,0,13.0
658,660,0,1,,male,58.0,0,2,,113.275,D48,C,Mr,D,2,37.75833333333333
659,661,1,1,,male,50.0,2,0,,133.65,Unknown,S,Mrs,Unknown,2,44.550000000000004
660,662,0,3,,male,40.0,0,0,,7.225,Unknown,C,Mr,Unknown,0,7.225
661,663,0,1,,male,47.0,0,0,,25.5875,E58,S,Mr,E,0,25.5875
662,664,0,3,,male,36.0,0,0,,7.4958,Unknown,S,Mr,Unknown,0,7.4958
663,665,1,3,,male,20.0,1,0,,7.925,Unknown,S,Mr,Unknown,1,3.9625
664,666,0,2,,male,32.0,2,0,,73.5,Unknown,S,Mr,Unknown,2,24.5
665,667,0,2,,male,25.0,0,0,,13.0,Unknown,S,Mr,Unknown,0,13.0
666,668,0,3,,male,,0,0,,7.775,Unknown,S,Mr,Unknown,0,7.775
667,669,0,3,,male,43.0,0,0,,8.05,Unknown,S,Mr,Unknown,0,8.05
668,670,1,1,,female,,1,0,,52.0,C126,S,Mrs,C,1,26.0
669,671,1,2,,female,40.0,1,1,,39.0,Unknown,S,Mrs,Unknown,2,13.0
670,672,0,1,,male,31.0,1,0,,52.0,B71,S,Mr,B,1,26.0
671,673,0,2,,male,70.0,0,0,,10.5,Unknown,S,Mr,Unknown,0,10.5
672,674,1,2,,male,31.0,0,0,,13.0,Unknown,S,Mr,Unknown,0,13.0
673,675,0,2,,male,,0,0,,,Unknown,S,Mr,Unknown,0,-1
674,676,0,3,,male,18.0,0,0,,7.775,Unknown,S,Mr,Unknown,0,7.775
675,677,0,3,,male,24.5,0,0,,8.05,Unknown,S,Mr,Unknown,0,8.05
676,678,1,3,,female,18.0,0,0,,9.8417,Unknown,S,Miss,Unknown,0,9.8417
677,679,0,3,,female,43.0,1,6,,46.9,Unknown,S,Mrs,Unknown,7,5.8625
678,680,1,1,,male,36.0,0,1,,512.3292,B51 B53 B55,C,Mr,B,1,256.1646
679,681,0,3,,female,,0,0,,8.1375,Unknown,Q,Miss,Unknown,0,8.1375
680,682,1,1,,male,27.0,0,0,,76.7292,D49,C,Mr,D,0,76.7292
681,683,0,3,,male,20.0,0,0,,9.225,Unknown,S,Mr,Unknown,0,9.225
682,684,0,3,,male,14.0,5,2,,46.9,Unknown,S,Mr,Unknown,7,5.8625
683,685,0,2,,male,60.0,1,1,,39.0,Unknown,S,Mr,Unknown,2,13.0
684,686,0,2,,male,25.0,1,2,,41.5792,Unknown,C,Mr,Unknown,3,10.3948
685,687,0,3,,male,14.0,4,1,,39.6875,Unknown,S,Mr,Unknown,5,6.614583333333333
686,688,0,3,,male,19.0,0,0,,10.1708,Unknown,S,Mr,Unknown,0,10.1708
687,689,0,3,,male,18.0,0,0,,7.7958,Unknown,S,Mr,Unknown,0,7.7958
688,690,1,1,,female,15.0,0,1,,211.3375,B5,S,Miss,B,1,105.66875
689,691,1,1,,male,31.0,1,0,,57.0,B20,S,Mr,B,1,28.5
690,692,1,3,,female,4.0,0,1,,13.4167,Unknown,C,Miss,Unknown,1,6.70835
691,693,1,3,,male,,0,0,,56.4958,Unknown,S,Mr,Unknown,0,56.4958
692,694,0,3,,male,25.0,0,0,,7.225,Unknown,C,Mr,Unknown,0,7.225
693,695,0,1,,male,60.0,0,0,,26.55,Unknown,S,Mr,Unknown,0,26.55
694,696,0,2,,male,52.0,0,0,,13.5,Unknown,S,Mr,Unknown,0,13.5
695,697,0,3,,male,44.0,0,0,,8.05,Unknown,S,Mr,Unknown,0,8.05
696,698,1,3,,female,,0,0,,7.7333,Unknown,Q,Miss,Unknown,0,7.7333
697,699,0,1,,male,49.0,1,1,,110.8833,C68,C,Mr,C,2,36.9611
698,700,0,3,,male,42.0,0,0,,7.65,F G63,S,Mr,F,0,7.65
699,701,1,1,,female,18.0,1,0,,227.525,C62 C64,C,Mrs,C,1,113.7625
700,702,1,1,,male,35.0,0,0,,26.2875,E24,S,Mr,E,0,26.2875
701,703,0,3,,female,18.0,0,1,,14.4542,Unknown,C,Miss,Unknown,1,7.2271
702,704,0,3,,male,25.0,0,0,,7.7417,Unknown,Q,Mr,Unknown,0,7.7417
703,705,0,3,,male,26.0,1,0,,7.8542,Unknown,S,Mr,Unknown,1,3.9271
704,706,0,2,,male,39.0,0,0,,26.0,Unknown,S,Mr,Unknown,0,26.0
705,707,1,2,,female,45.0,0,0,,13.5,Unknown,S,Mrs,Unknown,0,13.5
706,708,1,1,,male,42.0,0,0,,26.2875,E24,S,Mr,E,0,26.2875
707,709,1,1,,female,22.0,0,0,,151.55,Unknown,S,Miss,Unknown,0,151.55
708,710,1,3,,male,,1,1,,15.2458,Unknown,C,Master,Unknown,2,5.081933333333333
709,711,1,1,,female,24.0,0,0,,49.5042,C90,C,Mrs,C,0,49.5042
710,712,0,1,,male,,0,0,,26.55,C124,S,Mr,C,0,26.55
711,713,1,1,,male,48.0,1,0,,52.0,C126,S,Mr,C,1,26.0
712,714,0,3,,male,29.0,0,0,,9.4833,Unknown,S,Mr,Unknown,0,9.4833
713,715,0,2,,male,52.0,0,0,,13.0,Unknown,S,Mr,Unknown,0,13.0
714,716,0,3,,male,19.0,0,0,,7.65,F G73,S,Mr,F,0,7.65
715,717,1,1,,female,38.0,0,0,,227.525,C45,C,Miss,C,0,227.525
716,718,1,2,,female,27.0,0,0,,10.5,E101,S,Miss,E,0,10.5
717,719,0,3,,male,,0,0,,15.5,Unknown,Q,Mr,Unknown,0,15.5
718,720,0,3,,male,33.0,0,0,,7.775,Unknown,S,Mr,Unknown,0,7.775
719,721,1,2,,female,6.0,0,1,,33.0,Unknown,S,Miss,Unknown,1,16.5
720,722,0,3,,male,17.0,1,0,,7.0542,Unknown,S,Mr,Unknown,1,3.5271
721,723,0,2,,male,34.0,0,0,,13.0,Unknown,S,Mr,Unknown,0,13.0
722,724,0,2,,male,50.0,0,0,,13.0,Unknown,S,Mr,Unknown,0,13.0
723,725,1,1,,male,27.0,1,0,,53.1,E8,S,Mr,E,1,26.55
724,726,0,3,,male,20.0,0,0,,8.6625,Unknown,S,Mr,Unknown,0,8.6625
725,727,1,2,,female,30.0,3,0,,21.0,Unknown,S,Mrs,Unknown,3,5.25
726,728,1,3,,female,,0,0,,7.7375,Unknown,Q,Miss,Unknown,0,7.7375
727,729,0,2,,male,25.0,1,0,,26.0,Unknown,S,Mr,Unknown,1,13.0
728,730,0,3,,female,25.0,1,0,,7.925,Unknown,S,Miss,Unknown,1,3.9625
729,731,1,1,,female,29.0,0,0,,211.3375,B5,S,Miss,B,0,211.3375
730,732,0,3,,male,11.0,0,0,,18.7875,Unknown,C,Mr,Unknown,0,18.7875
731,733,0,2,,male,,0,0,,,Unknown,S,Mr,Unknown,0,-1
732,734,0,2,,male,23.0,0,0,,13.0,Unknown,S,Mr,Unknown,0,13.0
733,735,0,2,,male,23.0,0,0,,13.0,Unknown,S,Mr,Unknown,0,13.0
734,736,0,3,,male,28.5,0,0,,16.1,Unknown,S,Mr,Unknown,0,16.1
735,737,0,3,,female,48.0,1,3,,34.375,Unknown,S,Mrs,Unknown,4,6.875
736,738,1,1,,male,35.0,0,0,,512.3292,B101,C,Mr,B,0,512.3292
737,739,0,3,,male,,0,0,,7.8958,Unknown,S,Mr,Unknown,0,7.8958
738,740,0,3,,male,,0,0,,7.8958,Unknown,S,Mr,Unknown,0,7.8958
739,741,1,1,,male,,0,0,,30.0,D45,S,Mr,D,0,30.0
740,742,0,1,,male,36.0,1,0,,78.85,C46,S,Mr,C,1,39.425
741,743,1,1,,female,21.0,2,2,,262.375,B57 B59 B63 B66,C,Miss,B,4,52.475
742,744,0,3,,male,24.0,1,0,,16.1,Unknown,S,Mr,Unknown,1,8.05
743,745,1,3,,male,31.0,0,0,,7.925,Unknown,S,Mr,Unknown,0,7.925
744,746,0,1,,male,70.0,1,1,,71.0,B22,S,Mr,B,2,23.666666666666668
745,747,0,3,,male,16.0,1,1,,20.25,Unknown,S,Mr,Unknown,2,6.75
746,748,1,2,,female,30.0,0,0,,13.0,Unknown,S,Miss,Unknown,0,13.0
747,749,0,1,,male,19.0,1,0,,53.1,D30,S,Mr,D,1,26.55
748,750,0,3,,male,31.0,0,0,,7.75,Unknown,Q,Mr,Unknown,0,7.75
749,751,1,2,,female,4.0,1,1,,23.0,Unknown,S,Miss,Unknown,2,7.666666666666667
750,752,1,3,,male,6.0,0,1,,12.475,E121,S,Master,E,1,6.2375
751,753,0,3,,male,33.0,0,0,,9.5,Unknown,S,Mr,Unknown,0,9.5
752,754,0,3,,male,23.0,0,0,,7.8958,Unknown,S,Mr,Unknown,0,7.8958
753,755,1,2,,female,48.0,1,2,,65.0,Unknown,S,Mrs,Unknown,3,16.25
754,756,1,2,,male,0.67,1,1,,14.5,Unknown,S,Master,Unknown,2,4.833333333333333
755,757,0,3,,male,28.0,0,0,,7.7958,Unknown,S,Mr,Unknown,0,7.7958
756,758,0,2,,male,18.0,0,0,,11.5,Unknown,S,Mr,Unknown,0,11.5
757,759,0,3,,male,34.0,0,0,,8.05,Unknown,S,Mr,Unknown,0,8.05
758,760,1,1,,female,33.0,0,0,,86.5,B77,S,Mrs,B,0,86.5
759,761,0,3,,male,,0,0,,14.5,Unknown,S,Mr,Unknown,0,14.5
760,762,0,3,,male,41.0,0,0,,7.125,Unknown,S,Mr,Unknown,0,7.125
761,763,1,3,,male,20.0,0,0,,7.2292,Unknown,C,Mr,Unknown,0,7.2292
762,764,1,1,,female,36.0,1,2,,120.0,B96 B98,S,Mrs,B,3,30.0
763,765,0,3,,male,16.0,0,0,,7.775,Unknown,S,Mr,Unknown,0,7.775
764,766,1,1,,female,51.0,1,0,,77.9583,D11,S,Mrs,D,1,38.97915
765,767,0,1,,male,,0,0,,39.6,Unknown,C,Mrs,Unknown,0,39.6
766,768,0,3,,female,30.5,0,0,,7.75,Unknown,Q,Miss,Unknown,0,7.75
767,769,0,3,,male,,1,0,,24.15,Unknown,Q,Mr,Unknown,1,12.075
768,770,0,3,,male,32.0,0,0,,8.3625,Unknown,S,Mr,Unknown,0,8.3625
769,771,0,3,,male,24.0,0,0,,9.5,Unknown,S,Mr,Unknown,0,9.5
770,772,0,3,,male,48.0,0,0,,7.8542,Unknown,S,Mr,Unknown,0,7.8542
771,773,0,2,,female,57.0,0,0,,10.5,E77,S,Mrs,E,0,10.5
772,774,0,3,,male,,0,0,,7.225,Unknown,C,Mr,Unknown,0,7.225
773,775,1,2,,female,54.0,1,3,,23.0,Unknown,S,Mrs,Unknown,4,4.6
774,776,0,3,,male,18.0,0,0,,7.75,Unknown,S,Mr,Unknown,0,7.75
775,777,0,3,,male,,0,0,,7.75,F38,Q,Mr,F,0,7.75
776,778,1,3,,female,5.0,0,0,,12.475,Unknown,S,Miss,Unknown,0,12.475
777,779,0,3,,male,,0,0,,7.7375,Unknown,Q,Mr,Unknown,0,7.7375
778,780,1,1,,female,43.0,0,1,,211.3375,B3,S,Mrs,B,1,105.66875
779,781,1,3,,female,13.0,0,0,,7.2292,Unknown,C,Miss,Unknown,0,7.2292
780,782,1,1,,female,17.0,1,0,,57.0,B20,S,Mrs,B,1,28.5
781,783,0,1,,male,29.0,0,0,,30.0,D6,S,Mr,D,0,30.0
782,784,0,3,,male,,1,2,,23.45,Unknown,S,Mr,Unknown,3,5.8625
783,785,0,3,,male,25.0,0,0,,7.05,Unknown,S,Mr,Unknown,0,7.05
784,786,0,3,,male,25.0,0,0,,7.25,Unknown,S,Mr,Unknown,0,7.25
785,787,1,3,,female,18.0,0,0,,7.4958,Unknown,S,Miss,Unknown,0,7.4958
786,788,0,3,,male,8.0,4,1,,29.125,Unknown,Q,Master,Unknown,5,4.854166666666667
787,789,1,3,,male,1.0,1,2,,20.575,Unknown,S,Master,Unknown,3,5.14375
788,790,0,1,,male,46.0,0,0,,79.2,B82 B84,C,Mr,B,0,79.2
789,791,0,3,,male,,0,0,,7.75,Unknown,Q,Mr,Unknown,0,7.75
790,792,0,2,,male,16.0,0,0,,26.0,Unknown,S,Mr,Unknown,0,26.0
791,793,0,3,,female,,8,2,,69.55,Unknown,S,Miss,Unknown,10,6.322727272727272
792,794,0,1,,male,,0,0,,30.6958,Unknown,C,Mr,Unknown,0,30.6958
793,795,0,3,,male,25.0,0,0,,7.8958,Unknown,S,Mr,Unknown,0,7.8958
794,796,0,2,,male,39.0,0,0,,13.0,Unknown,S,Mr,Unknown,0,13.0
795,797,1,1,,female,49.0,0,0,,25.9292,D17,S,Mrs,D,0,25.9292
796,798,1,3,,female,31.0,0,0,,8.6833,Unknown,S,Mrs,Unknown,0,8.6833
797,799,0,3,,male,30.0,0,0,,7.2292,Unknown,C,Mr,Unknown,0,7.2292
798,800,0,3,,female,30.0,1,1,,24.15,Unknown,S,Mrs,Unknown,2,8.049999999999999
799,801,0,2,,male,34.0,0,0,,13.0,Unknown,S,Mr,Unknown,0,13.0
800,802,1,2,,female,31.0,1,1,,26.25,Unknown,S,Mrs,Unknown,2,8.75
801,803,1,1,,male,11.0,1,2,,120.0,B96 B98,S,Master,B,3,30.0
802,804,1,3,,male,0.42,0,1,,8.5167,Unknown,C,Master,Unknown,1,4.25835
803,805,1,3,,male,27.0,0,0,,6.975,Unknown,S,Mr,Unknown,0,6.975
804,806,0,3,,male,31.0,0,0,,7.775,Unknown,S,Mr,Unknown,0,7.775
805,807,0,1,,male,39.0,0,0,,,A36,S,Mr,A,0,-1
806,808,0,3,,female,18.0,0,0,,7.775,Unknown,S,Miss,Unknown,0,7.775
807,809,0,2,,male,39.0,0,0,,13.0,Unknown,S,Mr,Unknown,0,13.0
808,810,1,1,,female,33.0,1,0,,53.1,E8,S,Mrs,E,1,26.55
809,811,0,3,,male,26.0,0,0,,7.8875,Unknown,S,Mr,Unknown,0,7.8875
810,812,0,3,,male,39.0,0,0,,24.15,Unknown,S,Mr,Unknown,0,24.15
811,813,0,2,,male,35.0,0,0,,10.5,Unknown,S,Mr,Unknown,0,10.5
812,814,0,3,,female,6.0,4,2,,31.275,Unknown,S,Miss,Unknown,6,4.4678571428571425
813,815,0,3,,male,30.5,0,0,,8.05,Unknown,S,Mr,Unknown,0,8.05
814,816,0,1,,male,,0,0,,,B102,S,Mr,B,0,-1
815,817,0,3,,female,23.0,0,0,,7.925,Unknown,S,Miss,Unknown,0,7.925
816,818,0,2,,male,31.0,1,1,,37.0042,Unknown,C,Mr,Unknown,2,12.334733333333332
817,819,0,3,,male,43.0,0,0,,6.45,Unknown,S,Mr,Unknown,0,6.45
818,820,0,3,,male,10.0,3,2,,27.9,Unknown,S,Master,Unknown,5,4.6499999999999995
819,821,1,1,,female,52.0,1,1,,93.5,B69,S,Mrs,B,2,31.166666666666668
820,822,1,3,,male,27.0,0,0,,8.6625,Unknown,S,Mr,Unknown,0,8.6625
821,823,0,1,,male,38.0,0,0,,,Unknown,S,Mr,Unknown,0,-1
822,824,1,3,,female,27.0,0,1,,12.475,E121,S,Mrs,E,1,6.2375
823,825,0,3,,male,2.0,4,1,,39.6875,Unknown,S,Master,Unknown,5,6.614583333333333
824,826,0,3,,male,,0,0,,6.95,Unknown,Q,Mr,Unknown,0,6.95
825,827,0,3,,male,,0,0,,56.4958,Unknown,S,Mr,Unknown,0,56.4958
826,828,1,2,,male,1.0,0,2,,37.0042,Unknown,C,Master,Unknown,2,12.334733333333332
827,829,1,3,,male,,0,0,,7.75,Unknown,Q,Mr,Unknown,0,7.75
828,831,1,3,,female,15.0,1,0,,14.4542,Unknown,C,Mrs,Unknown,1,7.2271
829,832,1,2,,male,0.83,1,1,,18.75,Unknown,S,Master,Unknown,2,6.25
830,833,0,3,,male,,0,0,,7.2292,Unknown,C,Mr,Unknown,0,7.2292
831,834,0,3,,male,23.0,0,0,,7.8542,Unknown,S,Mr,Unknown,0,7.8542
832,835,0,3,,male,18.0,0,0,,8.3,Unknown,S,Mr,Unknown,0,8.3
833,836,1,1,,female,39.0,1,1,,83.1583,E49,C,Miss,E,2,27.71943333333333
834,837,0,3,,male,21.0,0,0,,8.6625,Unknown,S,Mr,Unknown,0,8.6625
835,838,0,3,,male,,0,0,,8.05,Unknown,S,Mr,Unknown,0,8.05
836,839,1,3,,male,32.0,0,0,,56.4958,Unknown,S,Mr,Unknown,0,56.4958
837,840,1,1,,male,,0,0,,29.7,C47,C,Mr,C,0,29.7
838,841,0,3,,male,20.0,0,0,,7.925,Unknown,S,Mr,Unknown,0,7.925
839,842,0,2,,male,16.0,0,0,,10.5,Unknown,S,Mr,Unknown,0,10.5
840,843,1,1,,female,30.0,0,0,,31.0,Unknown,C,Miss,Unknown,0,31.0
841,844,0,3,,male,34.5,0,0,,6.4375,Unknown,C,Mr,Unknown,0,6.4375
842,845,0,3,,male,17.0,0,0,,8.6625,Unknown,S,Mr,Unknown,0,8.6625
843,846,0,3,,male,42.0,0,0,,7.55,Unknown,S,Mr,Unknown,0,7.55
844,847,0,3,,male,,8,2,,69.55,Unknown,S,Mr,Unknown,10,6.322727272727272
845,848,0,3,,male,35.0,0,0,,7.8958,Unknown,C,Mr,Unknown,0,7.8958
846,849,0,2,,male,28.0,0,1,,33.0,Unknown,S,Mr,Unknown,1,16.5
847,850,1,1,,female,,1,0,,89.1042,C92,C,Mrs,C,1,44.5521
848,851,0,3,,male,4.0,4,2,,31.275,Unknown,S,Master,Unknown,6,4.4678571428571425
849,852,0,3,,male,74.0,0,0,,7.775,Unknown,S,Mr,Unknown,0,7.775
850,853,0,3,,female,9.0,1,1,,15.2458,Unknown,C,Miss,Unknown,2,5.081933333333333
851,854,1,1,,female,16.0,0,1,,39.4,D28,S,Miss,D,1,19.7
852,855,0,2,,female,44.0,1,0,,26.0,Unknown,S,Mrs,Unknown,1,13.0
853,856,1,3,,female,18.0,0,1,,9.35,Unknown,S,Mrs,Unknown,1,4.675
854,857,1,1,,female,45.0,1,1,,164.8667,Unknown,S,Mrs,Unknown,2,54.95556666666667
855,858,1,1,,male,51.0,0,0,,26.55,E17,S,Mr,E,0,26.55
856,859,1,3,,female,24.0,0,3,,19.2583,Unknown,C,Mrs,Unknown,3,4.814575
857,860,0,3,,male,,0,0,,7.2292,Unknown,C,Mr,Unknown,0,7.2292
858,861,0,3,,male,41.0,2,0,,14.1083,Unknown,S,Mr,Unknown,2,4.702766666666666
859,862,0,2,,male,21.0,1,0,,11.5,Unknown,S,Mr,Unknown,1,5.75
860,863,1,1,,female,48.0,0,0,,25.9292,D17,S,Mrs,D,0,25.9292
861,864,0,3,,female,,8,2,,69.55,Unknown,S,Miss,Unknown,10,6.322727272727272
862,865,0,2,,male,24.0,0,0,,13.0,Unknown,S,Mr,Unknown,0,13.0
863,866,1,2,,female,42.0,0,0,,13.0,Unknown,S,Mrs,Unknown,0,13.0
864,867,1,2,,female,27.0,1,0,,13.8583,Unknown,C,Miss,Unknown,1,6.92915
865,868,0,1,,male,31.0,0,0,,50.4958,A24,S,Mr,A,0,50.4958
866,869,0,3,,male,,0,0,,9.5,Unknown,S,Mr,Unknown,0,9.5
867,870,1,3,,male,4.0,1,1,,11.1333,Unknown,S,Master,Unknown,2,3.7111
868,871,0,3,,male,26.0,0,0,,7.8958,Unknown,S,Mr,Unknown,0,7.8958
869,872,1,1,,female,47.0,1,1,,52.5542,D35,S,Mrs,D,2,17.518066666666666
870,873,0,1,,male,33.0,0,0,,5.0,B51 B53 B55,S,Mr,B,0,5.0
871,874,0,3,,male,47.0,0,0,,9.0,Unknown,S,Mr,Unknown,0,9.0
872,875,1,2,,female,28.0,1,0,,24.0,Unknown,C,Mrs,Unknown,1,12.0
873,876,1,3,,female,15.0,0,0,,7.225,Unknown,C,Miss,Unknown,0,7.225
874,877,0,3,,male,20.0,0,0,,9.8458,Unknown,S,Mr,Unknown,0,9.8458
875,878,0,3,,male,19.0,0,0,,7.8958,Unknown,S,Mr,Unknown,0,7.8958
876,879,0,3,,male,,0,0,,7.8958,Unknown,S,Mr,Unknown,0,7.8958
877,880,1,1,,female,56.0,0,1,,83.1583,C50,C,Mrs,C,1,41.57915
878,881,1,2,,female,25.0,0,1,,26.0,Unknown,S,Mrs,Unknown,1,13.0
879,882,0,3,,male,33.0,0,0,,7.8958,Unknown,S,Mr,Unknown,0,7.8958
880,883,0,3,,female,22.0,0,0,,10.5167,Unknown,S,Miss,Unknown,0,10.5167
881,884,0,2,,male,28.0,0,0,,10.5,Unknown,S,Mr,Unknown,0,10.5
882,885,0,3,,male,25.0,0,0,,7.05,Unknown,S,Mr,Unknown,0,7.05
883,886,0,3,,female,39.0,0,5,,29.125,Unknown,Q,Mrs,Unknown,5,4.854166666666667
884,887,0,2,,male,27.0,0,0,,13.0,Unknown,S,Mr,Unknown,0,13.0
885,888,1,1,,female,19.0,0,0,,30.0,B42,S,Miss,B,0,30.0
886,889,0,3,,female,,1,2,,23.45,Unknown,S,Miss,Unknown,3,5.8625
887,890,1,1,,male,26.0,0,0,,30.0,C148,C,Mr,C,0,30.0
888,891,0,3,,male,32.0,0,0,,7.75,Unknown,Q,Mr,Unknown,0,7.75
